<?xml version="1.0" encoding="UTF-8"?>
<project-private xmlns="http://www.netbeans.org/ns/project-private/1">
    <editor-bookmarks xmlns="http://www.netbeans.org/ns/editor-bookmarks/2" lastBookmarkId="0"/>
    <open-files xmlns="http://www.netbeans.org/ns/projectui-open-files/2">
        <group>
            <file>file:/C:/Users/Nirmal/Documents/NetBeansProjects/Pharmazone/web/cmed.jsp</file>
            <file>file:/C:/Users/Nirmal/Documents/NetBeansProjects/Pharmazone/web/buy.html</file>
            <file>file:/C:/Users/Nirmal/Documents/NetBeansProjects/Pharmazone/web/CSS/custom.css</file>
            <file>file:/C:/Users/Nirmal/Documents/NetBeansProjects/Pharmazone/src/java/pharma/byy.java</file>
            <file>file:/C:/Users/Nirmal/Documents/NetBeansProjects/Pharmazone/web/login.html</file>
            <file>file:/C:/Users/Nirmal/Documents/NetBeansProjects/Pharmazone/src/java/pharma/loginin.java</file>
            <file>file:/C:/Users/Nirmal/Documents/NetBeansProjects/Pharmazone/web/index.html</file>
            <file>file:/C:/Users/Nirmal/Documents/NetBeansProjects/Pharmazone/web/change.html</file>
            <file>file:/C:/Users/Nirmal/Documents/NetBeansProjects/Pharmazone/src/java/NewServlet.java</file>
        </group>
    </open-files>
</project-private>
